{"cameraMode":{"drawMode":0,"name":"Shaded","section":"Shading Mode"},"sceneLighting":true,"audioPlay":false,"sceneViewState":{"showFog":true,"showMaterialUpdate":false,"showSkybox":true,"showFlares":true,"showImageEffects":true,"showParticleSystems":true},"in2DMode":false,"pivot":{"x":4.703281402587891,"y":-0.6848635673522949,"z":-2.0952396392822267},"rotation":{"x":-0.02537732943892479,"y":0.9596771001815796,"z":-0.2643689513206482,"w":-0.09212171286344528},"size":15.529693603515625,"orthographic":false}