{"cameraMode":{"drawMode":0,"name":"Shaded","section":"Shading Mode"},"sceneLighting":true,"audioPlay":false,"sceneViewState":{"showFog":true,"showMaterialUpdate":false,"showSkybox":true,"showFlares":true,"showImageEffects":true,"showParticleSystems":true},"in2DMode":false,"pivot":{"x":0.0,"y":1.2999999523162842,"z":0.6500000953674316},"rotation":{"x":-0.038363050669431689,"y":-0.9584091901779175,"z":0.2360631227493286,"w":-0.15575145184993745},"size":14.394063949584961,"orthographic":false}